upakarana,labdhi,phala,gamyantar
1,0,0.25,-0.019
1,1,0.231,-0.019
1,2,0.212,-0.018
1,3,0.194,-0.018
1,4,0.176,-0.017
1,5,0.159,-0.016
1,6,0.143,-0.015
1,7,0.128,-0.014
1,8,0.114,-0.012
1,9,0.102,-0.01
1,10,0.093,-0.009
1,11,0.083,-0.007
1,12,0.076,-0.005
1,13,0.071,-0.003
1,14,0.068,-0.001
1,15,0.067,0.001
1,16,0.068,0.003
1,17,0.071,0.005
1,18,0.076,0.007
1,19,0.083,0.009
1,20,0.092,0.01
1,21,0.102,0.012
1,22,0.114,0.014
1,23,0.128,0.015
1,24,0.143,0.016
1,25,0.159,0.017
1,26,0.176,0.018
1,27,0.194,0.018
1,28,0.212,0.019
1,29,0.231,0.019
1,30,0.25,0.019
1,31,0.269,0.019
1,32,0.288,0.018
1,33,0.306,0.018
1,34,0.324,0.017
1,35,0.341,0.016
1,36,0.357,0.015
1,37,0.372,0.014
1,38,0.386,0.012
1,39,0.398,0.01
1,40,0.408,0.009
1,41,0.417,0.007
1,42,0.424,0.005
1,43,0.429,0.003
1,44,0.432,0.001
1,45,0.433,-0.001
1,46,0.432,-0.003
1,47,0.429,-0.004
1,48,0.425,-0.008
1,49,0.417,-0.009
1,50,0.408,-0.01
1,51,0.398,-0.012
1,52,0.386,-0.014
1,53,0.372,-0.015
1,54,0.357,-0.016
1,55,0.341,-0.017
1,56,0.324,-0.018
1,57,0.306,-0.018
1,58,0.288,-0.019
1,59,0.269,-0.019
2,0,0.8,0.121
2,1,0.921,0.117
2,2,1.038,0.105
2,3,1.143,0.089
2,4,1.232,0.07
2,5,1.302,0.047
2,6,1.349,0.022
2,7,1.371,-0.004
2,8,1.367,-0.03
2,9,1.337,-0.053
2,10,1.284,-0.075
2,11,1.209,-0.094
2,12,1.115,-0.108
2,13,1.007,-0.118
2,14,0.889,-0.123
2,15,0.766,-0.122
2,16,0.644,-0.117
2,17,0.527,-0.106
2,18,0.421,-0.092
2,19,0.329,-0.071
2,20,0.258,-0.05
2,21,0.208,-0.025
2,22,0.183,0.001
2,23,0.184,0.028
2,24,0.212,0.052
2,25,0.264,0.076
2,26,0.34,0.096
2,27,0.436,0.112
2,28,0.548,0.123
2,29,0.671,0.129
2,30,0.8,0.129
2,31,0.929,0.123
2,32,1.052,0.112
2,33,1.164,0.096
2,34,1.26,0.075
2,35,1.335,0.053
2,36,1.388,0.028
2,37,1.416,0.001
2,38,1.417,-0.025
2,39,1.392,-0.05
2,40,1.342,-0.071
2,41,1.271,-0.092
2,42,1.179,-0.106
2,43,1.073,-0.117
2,44,0.956,-0.122
2,45,0.834,-0.123
2,46,0.711,-0.118
2,47,0.593,-0.108
2,48,0.485,-0.094
2,49,0.391,-0.075
2,50,0.316,0.053
2,51,0.263,-0.03
2,52,0.233,-0.004
2,53,0.229,0.022
2,54,0.251,0.047
2,55,0.298,0.07
2,56,0.368,0.089
2,57,0.457,0.105
2,58,0.562,0.116
2,59,0.678,0.122
3,0,1.3,0.131
3,1,1.431,0.131
3,2,1.562,0.126
3,3,1.688,0.123
3,4,1.811,0.116
3,5,1.927,0.113
3,6,2.04,0.099
3,7,2.139,0.091
3,8,2.23,0.081
3,9,2.311,0.071
3,10,2.382,0.058
3,11,2.44,0.045
3,12,2.485,0.032
3,13,2.517,0.019
3,14,2.536,0.005
3,15,2.541,-0.009
3,16,2.532,-0.022
3,17,2.51,-0.036
3,18,2.474,-0.047
3,19,2.427,-0.06
3,20,2.367,-0.071
3,21,2.296,-0.082
3,22,2.214,-0.092
3,23,2.122,-0.101
3,24,2.021,-0.108
3,25,1.913,-0.114
3,26,1.799,-0.121
3,27,1.678,-0.122
3,28,1.556,-0.128
3,29,1.428,-0.128
3,30,1.3,-0.128
3,31,1.172,-0.128
3,32,1.044,-0.122
3,33,0.922,-0.121
3,34,0.801,-0.113
3,35,0.688,-0.109
3,36,0.579,-0.101
3,37,0.478,-0.092
3,38,0.386,-0.082
3,39,0.304,-0.071
3,40,0.233,-0.06
3,41,0.173,-0.048
3,42,0.125,-0.035
3,43,0.09,-0.022
3,44,0.068,-0.009
3,45,0.059,0.005
3,46,0.064,0.019
3,47,0.083,0.032
3,48,0.115,0.045
3,49,0.16,0.058
3,50,0.218,0.071
3,51,0.289,0.081
3,52,0.37,0.091
3,53,0.461,0.102
3,54,0.563,0.11
3,55,0.673,0.116
3,56,0.789,0.123
3,57,0.912,0.126
3,58,1.038,0.131
3,59,1.169,0.131
4,0,6.5,0.3531
4,1,6.8531,0.3519
4,2,7.205,0.3494
4,3,7.5544,0.3458
4,4,7.9002,0.3415
4,5,8.2417,0.3352
4,6,8.5769,0.3286
4,7,8.9055,0.3206
4,8,9.2261,0.3117
4,9,9.5378,0.3016
4,10,9.8394,0.2909
4,11,10.1303,0.2789
4,12,10.4092,0.2663
4,13,10.6755,0.2509
4,14,10.9265,0.2411
4,15,11.1675,0.2242
4,16,11.3917,0.2091
4,17,11.6008,0.1931
4,18,11.7939,0.1769
4,19,11.9706,0.1603
4,20,12.1311,0.1434
4,21,12.2745,0.1263
4,22,12.4008,0.1087
4,23,12.5095,0.091
4,24,12.6005,0.0737
4,25,12.6742,0.0558
4,26,12.73,0.0383
4,27,12.7683,0.0209
4,28,12.7992,0.0033
4,29,12.7925,-0.0139
4,30,12.7786,-0.0308
4,31,12.7478,-0.0475
4,32,12.7003,-0.0639
4,33,12.5564,-0.08
4,34,12.5564,-0.0958
4,35,12.4606,-0.1112
4,36,12.3494,-0.1258
4,37,12.2236,-0.1403
4,38,12.0933,-0.1544
4,39,11.9299,-0.1678
4,40,11.7611,-0.1806
4,41,11.5805,-0.1927
4,42,11.3878,-0.205
4,43,11.1828,-0.2159
4,44,10.9669,-0.2266
4,45,10.7403,-0.2367
4,46,10.5036,-0.2458
4,47,10.2578,-0.255
4,48,10.0028,-0.2628
4,49,9.74,-0.2706
4,50,9.4694,-0.2772
4,51,9.1922,-0.2836
4,52,8.9086,-0.2889
4,53,8.6197,-0.2939
4,54,8.3258,-0.2978
4,55,8.028,-0.3016
4,56,7.7264,-0.3042
4,57,7.4222,-0.3061
4,58,7.1161,-0.3078
4,59,6.8083,-0.3083
4,60,6.5,-0.3083
4,61,6.1917,-0.3078
4,62,5.8839,-0.3061
4,63,5.5778,-0.3042
4,64,5.2736,-0.3016
4,65,4.972,-0.2978
4,66,4.6742,0.2939
4,67,4.3803,-0.2889
4,68,4.0914,-0.2836
4,69,3.8078,-0.2772
4,70,3.5306,-0.2706
4,71,3.26,-0.2628
4,72,2.9972,-0.255
4,73,2.7422,-0.2458
4,74,2.4964,-0.2367
4,75,2.2597,-0.2266
4,76,2.0331,-0.2159
4,77,1.8172,-0.205
4,78,1.6122,-0.1927
4,79,1.4195,-0.1806
4,80,1.2389,-0.1678
4,81,1.0711,-0.1544
4,82,0.9167,-0.1403
4,83,0.7764,-0.1258
4,84,0.6506,-0.1112
4,85,0.5394,-0.0958
4,86,0.4436,-0.08
4,87,0.3636,-0.0639
4,88,0.2997,-0.0475
4,89,0.2522,-0.0308
4,90,0.2214,-0.0139
4,91,0.2075,0.0033
4,92,0.2108,0.0209
4,93,0.2317,0.0383
4,94,0.27,0.0558
4,95,0.3258,0.0737
4,96,0.3995,0.091
4,97,0.4905,0.1087
4,98,0.5992,0.1263
4,99,0.7255,0.1434
4,100,0.8689,0.1603
4,101,1.0292,0.177
4,102,1.2062,0.193
4,103,1.3992,0.2091
4,104,1.6083,0.2242
4,105,1.8325,0.2411
4,106,2.0736,0.2509
4,107,2.3245,0.2663
4,108,2.5908,0.2789
4,109,2.8687,0.2909
4,110,3.1606,0.3016
4,111,3.4622,0.3117
4,112,3.7739,0.3206
4,113,4.0945,0.3286
4,114,4.4231,0.3352
4,115,4.7583,0.3415
4,116,5.0998,0.3458
4,117,5.4456,0.3494
4,118,5.795,0.3519
4,119,6.1469,0.3531
5,0,0.15,-0.023
5,1,0.127,-0.024
5,2,0.103,-0.02
5,3,0.083,-0.016
5,4,0.067,-0.015
5,5,0.052,-0.009
5,6,0.043,-0.005
5,7,0.038,0
5,8,0.028,0.005
5,9,0.043,0.009
5,10,0.052,0.015
5,11,0.067,0.016
5,12,0.083,0.02
5,13,0.103,0.024
5,14,0.127,0.023
5,15,0.15,0.023
5,16,0.173,0.024
5,17,0.197,0.02
5,18,0.217,0.016
5,19,0.233,0.015
5,20,0.248,0.009
5,21,0.257,0.005
5,22,0.262,0
5,23,0.262,-0.005
5,24,0.257,-0.009
5,25,0.248,-0.015
5,26,0.233,-0.016
5,27,0.217,-0.02
5,28,0.197,-0.024
5,29,0.173,-0.023
5,30,0.15,-0.023
5,31,0.127,-0.024
5,32,0.103,-0.02
5,33,0.083,-0.016
5,34,0.067,-0.015
5,35,0.052,-0.009
5,36,0.043,-0.005
5,37,0.038,0
5,38,0.038,0.005
5,39,0.043,0.009
5,40,0.052,0.015
5,41,0.067,0.016
5,42,0.083,0.02
5,43,0.103,0.024
5,44,0.127,0.023
5,45,0.15,0.023
5,46,0.173,0.024
5,47,0.197,0.02
5,48,0.217,0.016
5,49,0.233,0.015
5,50,0.248,0.009
5,51,0.257,0.005
5,52,0.262,0
5,53,0.262,-0.005
5,54,0.257,-0.009
5,55,0.248,-0.015
5,56,0.233,-0.016
5,57,0.217,-0.02
5,58,0.197,-0.024
5,59,0.173,-0.023
6,0,0.05,0.0211
6,1,0.0711,0.0161
6,2,0.0872,0.0061
6,3,0.0933,-0.0061
6,4,0.0872,-0.0161
6,5,0.0711,-0.0211
6,6,0.05,-0.0211
6,7,0.0289,-0.0161
6,8,0.0128,-0.0061
6,9,0.0067,0.0061
6,10,0.0128,0.0161
6,11,0.0289,0.0211
7,0,0.0583,0.0267
7,1,0.085,0.0211
7,2,0.1061,0.0073
7,3,0.1134,-0.0073
7,4,0.1061,-0.0211
7,5,0.085,-0.0267
7,6,0.0583,-0.0267
7,7,0.0316,-0.021
7,8,0.0106,-0.0073
7,9,0.0033,0.0073
7,10,0.0106,0.021
7,11,0.0316,0.0267
8,0,0.0333,0.0158
8,1,0.0489,0.0111
8,2,0.06,0.005
8,3,0.065,-0.005
8,4,0.06,-0.0119
8,5,0.0471,-0.0148
8,6,0.0333,-0.0155
8,7,0.0178,-0.0111
8,8,0.0067,-0.005
8,9,0.0017,0.005
8,10,0.0067,0.0111
8,11,0.0178,0.0155
9,0,0.025,-0.01
9,1,0.15,-0.0078
9,2,0.0072,-0.0022
9,3,0.005,0.0022
9,4,0.0072,0.0078
9,5,0.015,0.01
9,6,0.025,0.01
9,7,0.035,0.0078
9,8,0.0428,0.0022
9,9,0.045,-0.0022
9,10,0.0428,-0.0078
9,11,0.035,-0.01
10,0,0.025,-0.0111
10,1,0.139,-0.0084
10,2,0.0055,-0.0038
10,3,0.0017,0.0038
10,4,0.0055,0.0084
10,5,0.0139,0.0111
10,6,0.025,0.0111
10,7,0.0361,0.0083
10,8,0.0444,0.0039
10,9,0.0483,-0.0039
10,10,0.0444,-0.0083
10,11,0.0361,-0.0111
11,0,0.025,-0.0111
11,1,0.0139,-0.0084
11,2,0.0055,-0.0038
11,3,0.0017,0.0038
11,4,0.0055,0.0084
11,5,0.0139,0.0111
11,6,0.025,0.0111
11,7,0.0361,0.0083
11,8,0.0444,0.0039
11,9,0.0483,-0.0039
11,10,0.0444,-0.0083
11,11,0.0361,-0.0111
